OrderID,CustomerID,ProductName,Quantity,OrderDate,Price
1,1,ProductA,2,2024-09-10,2000
2,2,ProductB,1,2024-10-15,3000
3,3,ProductC,3,2024-11-20,1500
4,4,ProductD,4,2024-12-05,1000
5,5,ProductE,2,2025-01-10,2500
6,6,ProductF,1,2025-02-15,3500
7,7,ProductG,3,2025-03-20,1200
8,8,ProductH,2,2025-04-05,1800
9,9,ProductI,1,2025-05-10,4000
10,10,ProductJ,5,2025-06-15,1000