CustomerID,CustomerName,CustomerAddress
1,John Doe,123 Main St
2,Jane Smith,456 Elm St
3,Alice Johnson,789 Oak St
4,Bob Lee,321 Pine St
5,Chris Brown,654 Maple St
6,Emily Davis,987 Birch St
7,Michael Wilson,246 Cedar St
8,Sarah Taylor,135 Walnut St
9,David Clark,753 Spruce St
10,Olivia Lewis,864 Aspen St